{"cameraMode":{"drawMode":0,"name":"Shaded","section":"Shading Mode"},"sceneLighting":false,"audioPlay":false,"sceneViewState":{"showFog":true,"showMaterialUpdate":false,"showSkybox":true,"showFlares":true,"showImageEffects":true,"showParticleSystems":true},"in2DMode":false,"pivot":{"x":10.026324272155762,"y":0.21433448791503907,"z":4.721585273742676},"rotation":{"x":-0.11809337139129639,"y":-0.17715230584144593,"z":0.021416248753666879,"w":-0.9768379926681519},"size":22.0,"orthographic":false}